First Name;Last Name;Company Name;Role In Company;Address;E-Mail;Phone Number
"Callum";"Saunders";"Nationwide";"Market Research Analyst";"3411 south street";"csaunders@nationwide.contractors";"71482032490";
"Daisy";"Singh";"ARI";"Financial Analyst";"5224 mill lane";"dsingh@ari.cool";"64233440496";
"Tommy";"Hart";"Nugget Market";"Telemarketer";"5769 green lane";"thart@nuggetmarket.holiday";"39665826316";
"Florence";"Nicholson";"World Wide Technology";"IT Specialist";"5833 the drive";"fnicholson@worldwidetechnology.surgery";"35297731044";
"Faith";"Robertson";"Cadence";"Physician";"7924 manor road";"frobertson@cadence.best";"11735271299";
"Scarlett";"Hussain";"Mars";"Marriage & Family Therapist";"9553 broadway";"shussain@mars.forsale";"47697876016";
"Millie";"Clarke";"Delta Air Lines";"Web Developer";"1863 the green";"mclarke@deltaairlines.style";"30431948956";
"Caleb";"Gill";"CHG Healthcare Services";"Registered Nurse";"9740 windsor road";"cgill@chghealthcareservices.actor";"75624074833";
"Poppy";"Harding";"Build-A-Bear Workshop";"Auto Mechanic";"9744 the green";"pharding@build-a-bearworkshop.auction";"36739856973";
"Elsie";"Ward";"Marriott International";"Elementary School Teacher";"7615 kingsway";"eward@marriottinternational.casino";"86433688928";
"Isabel";"Payne";"Aperture Inc.";"Computer Systems Analyst";"3758 springfield road";"ipayne@apertureinc.flights";"93005075156";
"Freya";"Ross";"Baker Donelson";"IT Manager";"4287 Orange Street";"fross@bakerdonelson.properties";"69028275641";
"Lewis";"Clarke";"Alston & Bird";"HR Manager";"2219 park avenue";"lclarke@alston&bird.store";"39159240182";
"Brooke";"Jackson";"Nugget Market";"Painter";"2500 west street";"bjackson@nuggetmarket.limited";"72666742419";
"Elliot";"Ball";"Timepath Inc.";"Nursing Aide";"6994 the avenue";"eball@timepathinc.red";"50317542958";
"Anna";"Matthews";"Acuity";"High School Teacher";"5546 queens road";"amatthews@acuity.mba";"44864519829";
"Samuel";"West";"David Weekley Homes";"Analyst";"9373 queensway";"swest@davidweekleyhomes.build";"30989048420";
"Jack";"Clark";"Methodist Le Bonheur Healthcare";"Customer Service Representative";"9644 church lane";"jclark@methodistlebonheurhealthcare.cricket";"85028920136";
"Molly";"Lee";"American Fidelity Assurance";"Janitor";"4362 church lane";"mlee@americanfidelityassurance.es";"89636541283";
"Mason";"Bates";"Marriott International";"Security Guard";"5142 park road";"mbates@marriottinternational.institute";"46884391023";
